Prénom,Nom,Courriel,ue
Nadia,Creignou,nadia.creignou@univ-amu.frr
frrédéric,Olive,frrederic.olive@lif.univ-mrs.frr
Emmanuel,Godard, emmanuel.godard@lif.univ-mrs.frr
Luigi,Santocanale,luigi.santocanale@lif.univ-mrs.frr
Magali,Contension,magali.contensin@univ-amu.frr
Remi,Morin,remi.morin@lif.univ-mrs.frr